/*
 Navicat Premium Data Transfer

 Source Server         : localhost_3306
 Source Server Type    : MySQL
 Source Server Version : 80300 (8.3.0)
 Source Host           : localhost:3306
 Source Schema         : wind-sso

 Target Server Type    : MySQL
 Target Server Version : 80300 (8.3.0)
 File Encoding         : 65001

 Date: 09/09/2025 16:15:40
*/

SET NAMES utf8mb4;
SET FOREIGN_KEY_CHECKS = 0;

-- ----------------------------
-- Table structure for _copy
-- ----------------------------
DROP TABLE IF EXISTS `_copy`;
CREATE TABLE `_copy`  (
  `id` bigint NOT NULL AUTO_INCREMENT COMMENT '主键',
  `create_time` datetime NOT NULL DEFAULT CURRENT_TIMESTAMP COMMENT '创建时间',
  `update_time` timestamp NOT NULL DEFAULT CURRENT_TIMESTAMP ON UPDATE CURRENT_TIMESTAMP COMMENT '更新时间',
  `status` int NOT NULL DEFAULT 1 COMMENT '状态（0=禁用；1=启用；[2=未审核]）',
  PRIMARY KEY (`id`) USING BTREE
) ENGINE = InnoDB AUTO_INCREMENT = 1 CHARACTER SET = utf8mb4 COLLATE = utf8mb4_unicode_ci ROW_FORMAT = Dynamic;

-- ----------------------------
-- Records of _copy
-- ----------------------------

-- ----------------------------
-- Table structure for auth
-- ----------------------------
DROP TABLE IF EXISTS `auth`;
CREATE TABLE `auth`  (
  `id` bigint NOT NULL AUTO_INCREMENT COMMENT '主键',
  `create_time` datetime NOT NULL DEFAULT CURRENT_TIMESTAMP COMMENT '创建时间',
  `update_time` timestamp NOT NULL DEFAULT CURRENT_TIMESTAMP ON UPDATE CURRENT_TIMESTAMP COMMENT '更新时间',
  `status` int NOT NULL DEFAULT 1 COMMENT '状态（0=禁用；1=启用）',
  `domain` varchar(300) CHARACTER SET utf8mb4 COLLATE utf8mb4_unicode_ci NOT NULL COMMENT '域名',
  `name` varchar(100) CHARACTER SET utf8mb4 COLLATE utf8mb4_unicode_ci NOT NULL COMMENT '名称',
  `is_ip_limit` bit(1) NOT NULL DEFAULT b'0' COMMENT '是否启用ip访问限制（部分功能失效，如：SSO登录页）',
  `login_url` varchar(255) CHARACTER SET utf8mb4 COLLATE utf8mb4_unicode_ci NULL DEFAULT NULL COMMENT '录界面URL',
  `is_allow_delete` bit(1) NOT NULL DEFAULT b'1' COMMENT '是否允许删除',
  PRIMARY KEY (`id`) USING BTREE,
  UNIQUE INDEX `domain,port`(`domain` ASC) USING BTREE
) ENGINE = InnoDB AUTO_INCREMENT = 6 CHARACTER SET = utf8mb4 COLLATE = utf8mb4_unicode_ci COMMENT = '授权表' ROW_FORMAT = Dynamic;

-- ----------------------------
-- Records of auth
-- ----------------------------
INSERT INTO `auth` VALUES (1, '2021-04-22 18:36:42', '2025-04-05 15:51:29', 1, '127.0.0.1:8080', '后台SSO系统', b'1', 'http://127.0.0.1:8080/wind-sso', b'0');
INSERT INTO `auth` VALUES (2, '2021-04-22 18:36:42', '2025-04-05 15:51:36', 1, '127.0.0.1:9090', '前台SSO系统', b'1', 'http://127.0.0.1:9090/wind-sso', b'1');

-- ----------------------------
-- Table structure for auth_cache
-- ----------------------------
DROP TABLE IF EXISTS `auth_cache`;
CREATE TABLE `auth_cache`  (
  `id` bigint NOT NULL AUTO_INCREMENT COMMENT '主键',
  `create_time` datetime NOT NULL DEFAULT CURRENT_TIMESTAMP COMMENT '创建时间',
  `update_time` timestamp NOT NULL DEFAULT CURRENT_TIMESTAMP ON UPDATE CURRENT_TIMESTAMP COMMENT '更新时间',
  `status` int NOT NULL DEFAULT 1 COMMENT '状态（0=禁用；1=启用）',
  `auth_id` bigint NOT NULL COMMENT '授权ID',
  `type` int NOT NULL COMMENT '类型（1=redis）',
  PRIMARY KEY (`id`) USING BTREE,
  UNIQUE INDEX `auth_id`(`auth_id` ASC) USING BTREE
) ENGINE = InnoDB AUTO_INCREMENT = 4 CHARACTER SET = utf8mb4 COLLATE = utf8mb4_unicode_ci COMMENT = '授权_缓存表' ROW_FORMAT = Dynamic;

-- ----------------------------
-- Records of auth_cache
-- ----------------------------
INSERT INTO `auth_cache` VALUES (1, '2021-04-22 18:39:40', '2021-04-22 18:39:40', 1, 1, 1);
INSERT INTO `auth_cache` VALUES (2, '2021-04-22 18:39:40', '2021-04-22 18:39:40', 1, 2, 1);

-- ----------------------------
-- Table structure for auth_cache_prefix
-- ----------------------------
DROP TABLE IF EXISTS `auth_cache_prefix`;
CREATE TABLE `auth_cache_prefix`  (
  `id` bigint NOT NULL AUTO_INCREMENT COMMENT '主键',
  `create_time` datetime NOT NULL DEFAULT CURRENT_TIMESTAMP COMMENT '创建时间',
  `update_time` timestamp NOT NULL DEFAULT CURRENT_TIMESTAMP ON UPDATE CURRENT_TIMESTAMP COMMENT '更新时间',
  `status` int NOT NULL DEFAULT 1 COMMENT '状态（0=禁用；1=启用）',
  `auth_id` bigint NOT NULL COMMENT '授权ID',
  `sso_id` varchar(100) CHARACTER SET utf8mb4 COLLATE utf8mb4_unicode_ci NOT NULL COMMENT 'ssoId',
  `captcha` varchar(100) CHARACTER SET utf8mb4 COLLATE utf8mb4_unicode_ci NOT NULL COMMENT '验证码',
  `pwd_error_num` varchar(100) CHARACTER SET utf8mb4 COLLATE utf8mb4_unicode_ci NOT NULL COMMENT '密码错误数',
  PRIMARY KEY (`id`) USING BTREE,
  UNIQUE INDEX `auth_id`(`auth_id` ASC) USING BTREE
) ENGINE = InnoDB AUTO_INCREMENT = 4 CHARACTER SET = utf8mb4 COLLATE = utf8mb4_unicode_ci COMMENT = '授权_缓存_key前缀表' ROW_FORMAT = Dynamic;

-- ----------------------------
-- Records of auth_cache_prefix
-- ----------------------------
INSERT INTO `auth_cache_prefix` VALUES (1, '2021-04-25 13:28:31', '2021-05-03 02:54:20', 1, 1, 'sso:', 'captcha:', 'pwdErrorNum:');
INSERT INTO `auth_cache_prefix` VALUES (2, '2021-04-25 13:28:39', '2021-05-03 02:54:20', 1, 2, 'sso:', 'captcha:', 'pwdErrorNum:');

-- ----------------------------
-- Table structure for auth_cache_redis
-- ----------------------------
DROP TABLE IF EXISTS `auth_cache_redis`;
CREATE TABLE `auth_cache_redis`  (
  `id` bigint NOT NULL AUTO_INCREMENT COMMENT '主键',
  `create_time` datetime NOT NULL DEFAULT CURRENT_TIMESTAMP COMMENT '创建时间',
  `update_time` timestamp NOT NULL DEFAULT CURRENT_TIMESTAMP ON UPDATE CURRENT_TIMESTAMP COMMENT '更新时间',
  `status` int NOT NULL DEFAULT 1 COMMENT '状态（0=禁用；1=启用）',
  `auth_id` bigint NOT NULL COMMENT '授权ID',
  `auth_cache_id` bigint NOT NULL COMMENT '缓存ID',
  `ip` varchar(120) CHARACTER SET utf8mb4 COLLATE utf8mb4_unicode_ci NULL DEFAULT NULL COMMENT '连接ip',
  `port` int NULL DEFAULT NULL COMMENT '端口',
  `pass_word` varchar(200) CHARACTER SET utf8mb4 COLLATE utf8mb4_unicode_ci NULL DEFAULT NULL COMMENT '密码',
  `index` int NULL DEFAULT NULL COMMENT '指定的数据库',
  `sentinel_master_name` varchar(200) CHARACTER SET utf8mb4 COLLATE utf8mb4_unicode_ci NULL DEFAULT NULL COMMENT '哨兵的主服务名',
  `captcha_expiry` int NOT NULL COMMENT '验证码过期时间（单位：秒）',
  `use_way` int NOT NULL COMMENT '使用方式（1=单节点；2=主从复制；3=哨兵；4=Cluster）',
  `sso_id_expiry` int NOT NULL COMMENT 'ssoId的过期时间（单位：秒）',
  PRIMARY KEY (`id`) USING BTREE,
  UNIQUE INDEX `auth_id`(`auth_id` ASC) USING BTREE,
  UNIQUE INDEX `auth_cache_id`(`auth_cache_id` ASC) USING BTREE
) ENGINE = InnoDB AUTO_INCREMENT = 6 CHARACTER SET = utf8mb4 COLLATE = utf8mb4_unicode_ci COMMENT = '授权_缓存_redis表' ROW_FORMAT = Dynamic;

-- ----------------------------
-- Records of auth_cache_redis
-- ----------------------------
INSERT INTO `auth_cache_redis` VALUES (1, '2021-04-22 18:42:14', '2024-05-10 11:41:14', 1, 1, 1, '127.0.0.1', 6379, '123456', 0, 'wind-sso-cache', 180, 1, 1800);
INSERT INTO `auth_cache_redis` VALUES (2, '2021-04-22 18:42:14', '2024-05-10 11:41:14', 1, 2, 2, '127.0.0.1', 6379, '123456', 1, 'wind-sso-cache', 180, 1, 1800);

-- ----------------------------
-- Table structure for auth_cache_redis_pool
-- ----------------------------
DROP TABLE IF EXISTS `auth_cache_redis_pool`;
CREATE TABLE `auth_cache_redis_pool`  (
  `id` bigint NOT NULL AUTO_INCREMENT COMMENT '主键',
  `create_time` datetime NOT NULL DEFAULT CURRENT_TIMESTAMP COMMENT '创建时间',
  `update_time` timestamp NOT NULL DEFAULT CURRENT_TIMESTAMP ON UPDATE CURRENT_TIMESTAMP COMMENT '更新时间',
  `status` int NOT NULL DEFAULT 1 COMMENT '状态（0=禁用；1=启用）',
  `auth_id` bigint NOT NULL COMMENT '授权ID',
  `auth_cache_redis_id` bigint NOT NULL COMMENT '授权_缓存_redis的ID',
  `min_idle` int NULL DEFAULT NULL COMMENT '最少空闲连接数',
  `max_idle` int NULL DEFAULT NULL COMMENT '最大空闲连接数',
  `max_total` int NULL DEFAULT NULL COMMENT '最大连接数',
  `max_wait_millis` bigint NULL DEFAULT NULL COMMENT '最大等待时间数',
  `test_on_borrow` bit(1) NULL DEFAULT NULL COMMENT '在借时，是否验证可用（建议：true）',
  `test_on_return` bit(1) NULL DEFAULT NULL COMMENT '返回时，是否验证可用（建议：false）',
  `jmx_enabled` bit(1) NULL DEFAULT NULL COMMENT '是否开启JMX监控',
  `test_while_idle` bit(1) NULL DEFAULT NULL COMMENT '是否开启空闲资源检测',
  `time_between_eviction_runs_millis` bigint NULL DEFAULT NULL COMMENT '空闲资源的检测周期（单位：毫秒）',
  `min_evictable_idle_time_millis` bigint NULL DEFAULT NULL COMMENT '资源池中资源的最小空闲时间（单位为毫秒），达到此值后空闲资源将被移除。',
  `num_tests_per_eviction_run` int NULL DEFAULT NULL COMMENT '做空闲资源检测时，每次检测资源的个数。',
  `other_config` varchar(600) CHARACTER SET utf8mb4 COLLATE utf8mb4_unicode_ci NULL DEFAULT NULL COMMENT '其他配置（json格式。key=JedisPoolConfig类的字段名；value=值）',
  PRIMARY KEY (`id`) USING BTREE,
  UNIQUE INDEX `auth_id`(`auth_id` ASC) USING BTREE,
  UNIQUE INDEX `auth_cache_redis_id`(`auth_cache_redis_id` ASC) USING BTREE
) ENGINE = InnoDB AUTO_INCREMENT = 4 CHARACTER SET = utf8mb4 COLLATE = utf8mb4_unicode_ci COMMENT = '授权_缓存_redis_连接池表' ROW_FORMAT = Dynamic;

-- ----------------------------
-- Records of auth_cache_redis_pool
-- ----------------------------
INSERT INTO `auth_cache_redis_pool` VALUES (1, '2021-04-25 11:27:57', '2021-04-25 11:27:57', 1, 1, 1, NULL, 10, 10, 10000, NULL, NULL, NULL, NULL, NULL, NULL, NULL, NULL);
INSERT INTO `auth_cache_redis_pool` VALUES (2, '2021-04-25 11:27:57', '2021-05-02 19:43:40', 1, 2, 2, NULL, 10, 10, 10000, b'1', b'1', b'0', b'0', -1, 1800000, 3, NULL);

-- ----------------------------
-- Table structure for auth_cache_redis_sentinel
-- ----------------------------
DROP TABLE IF EXISTS `auth_cache_redis_sentinel`;
CREATE TABLE `auth_cache_redis_sentinel`  (
  `id` bigint NOT NULL AUTO_INCREMENT COMMENT '主键',
  `create_time` datetime NOT NULL DEFAULT CURRENT_TIMESTAMP COMMENT '创建时间',
  `auth_id` bigint NOT NULL COMMENT '授权ID',
  `auth_cache_redis_id` bigint NOT NULL COMMENT '授权_缓存_redis的ID',
  `ip` varchar(120) CHARACTER SET utf8mb4 COLLATE utf8mb4_unicode_ci NOT NULL COMMENT '哨兵ip',
  `port` int NOT NULL COMMENT '端口',
  PRIMARY KEY (`id`) USING BTREE
) ENGINE = InnoDB AUTO_INCREMENT = 24 CHARACTER SET = utf8mb4 COLLATE = utf8mb4_unicode_ci COMMENT = '授权_缓存_redis_哨兵表' ROW_FORMAT = Dynamic;

-- ----------------------------
-- Records of auth_cache_redis_sentinel
-- ----------------------------
INSERT INTO `auth_cache_redis_sentinel` VALUES (1, '2021-04-25 13:15:03', 1, 1, '127.0.0.1', 10003);
INSERT INTO `auth_cache_redis_sentinel` VALUES (2, '2021-04-25 13:15:03', 2, 2, '127.0.0.1', 10003);

-- ----------------------------
-- Table structure for auth_cookie
-- ----------------------------
DROP TABLE IF EXISTS `auth_cookie`;
CREATE TABLE `auth_cookie`  (
  `id` bigint NOT NULL AUTO_INCREMENT COMMENT '主键',
  `create_time` datetime NOT NULL DEFAULT CURRENT_TIMESTAMP COMMENT '创建时间',
  `update_time` timestamp NOT NULL DEFAULT CURRENT_TIMESTAMP ON UPDATE CURRENT_TIMESTAMP COMMENT '更新时间',
  `status` int NOT NULL DEFAULT 1 COMMENT '状态（0=禁用；1=启用）',
  `auth_id` bigint NOT NULL COMMENT '授权ID',
  `domain` varchar(255) CHARACTER SET utf8mb4 COLLATE utf8mb4_unicode_ci NOT NULL COMMENT 'ssoId的domain（存储的域名，必须是当前sso系统所属域名的某上级域名）',
  `sso_id_name` varchar(200) CHARACTER SET utf8mb4 COLLATE utf8mb4_unicode_ci NOT NULL COMMENT 'ssoId的name（key名、cookie名）',
  `sso_id_path` varchar(120) CHARACTER SET utf8mb4 COLLATE utf8mb4_unicode_ci NOT NULL COMMENT 'ssoId的path（存储的目录，适用的目录）',
  `sso_id_expiry` int NOT NULL COMMENT 'ssoId的过期时间（单位：秒）',
  PRIMARY KEY (`id`) USING BTREE,
  UNIQUE INDEX `auth_id`(`auth_id` ASC) USING BTREE
) ENGINE = InnoDB AUTO_INCREMENT = 4 CHARACTER SET = utf8mb4 COLLATE = utf8mb4_unicode_ci COMMENT = '授权_cookie表' ROW_FORMAT = Dynamic;

-- ----------------------------
-- Records of auth_cookie
-- ----------------------------
INSERT INTO `auth_cookie` VALUES (1, '2021-04-22 18:44:41', '2022-06-13 20:32:23', 1, 1, '127.0.0.1', '_wind-sso_ssoId_1', '/', 604800);
INSERT INTO `auth_cookie` VALUES (2, '2021-04-22 18:44:41', '2022-06-13 20:32:23', 1, 2, '127.0.0.1', '_wind-sso_ssoId_2', '/', 604800);

-- ----------------------------
-- Table structure for auth_login
-- ----------------------------
DROP TABLE IF EXISTS `auth_login`;
CREATE TABLE `auth_login`  (
  `id` bigint NOT NULL AUTO_INCREMENT COMMENT '主键',
  `create_time` datetime NOT NULL DEFAULT CURRENT_TIMESTAMP COMMENT '创建时间',
  `update_time` timestamp NOT NULL DEFAULT CURRENT_TIMESTAMP ON UPDATE CURRENT_TIMESTAMP COMMENT '更新时间',
  `status` int NOT NULL DEFAULT 1 COMMENT '状态（0=禁用；1=启用）',
  `auth_id` bigint NOT NULL COMMENT '授权ID',
  `url` varchar(600) CHARACTER SET utf8mb4 COLLATE utf8mb4_unicode_ci NOT NULL COMMENT '接口服务端URL根目录（接后面的相对路径：/login=登录；exist=验证用户名是否存在【code=1是存在】）',
  `param_user_name` varchar(120) CHARACTER SET utf8mb4 COLLATE utf8mb4_unicode_ci NOT NULL DEFAULT 'userName' COMMENT '接口参数_用户名',
  `param_pass_word` varchar(120) CHARACTER SET utf8mb4 COLLATE utf8mb4_unicode_ci NOT NULL DEFAULT 'passWord' COMMENT '接口参数_密码',
  `page_file` mediumblob NULL COMMENT '登录页面文件',
  `pwd_error_num_yzm` int NOT NULL DEFAULT -1 COMMENT '开启验证码（密码错误多少次，-1=永远不开启）',
  `is_return sso_id` bit(1) NOT NULL DEFAULT b'0' COMMENT '是否返回ssoId（前端登录成功后，json是否增加返回ssoId数据）',
  `is_valid_ip` bit(1) NOT NULL DEFAULT b'0' COMMENT '是否验证客户IP（验证ssoId所属的ip，是不是当前客户端的IP）',
  PRIMARY KEY (`id`) USING BTREE,
  UNIQUE INDEX `auth_id`(`auth_id` ASC) USING BTREE
) ENGINE = InnoDB AUTO_INCREMENT = 4 CHARACTER SET = utf8mb4 COLLATE = utf8mb4_unicode_ci COMMENT = '授权_登录表（含：接口、页面文件）' ROW_FORMAT = Dynamic;

-- ----------------------------
-- Records of auth_login
-- ----------------------------
INSERT INTO `auth_login` VALUES (1, '2021-04-22 18:45:05', '2024-07-11 10:23:23', 1, 1, 'http://127.0.0.1:8080/wind-bg', 'userName', 'passWord', NULL, 3, b'0', b'1');
INSERT INTO `auth_login` VALUES (2, '2021-04-22 18:45:05', '2024-03-16 15:25:06', 1, 2, 'http://127.0.0.1:9998/global', 'userName', 'passWord', 0xEFBBBF3C25402070616765206C616E67756167653D226A617661222070616765456E636F64696E673D225554462D38222073657373696F6E3D2266616C73652220253E0D0A3C2540207461676C6962207572693D22687474703A2F2F6A6176612E73756E2E636F6D2F6A73702F6A73746C2F636F726522207072656669783D22632220253E0D0A3C250D0A09537472696E672070617468203D20726571756573742E676574436F6E746578745061746828293B0D0A09537472696E67206261736550617468203D20726571756573742E676574536368656D6528292B223A2F2F222B726571756573742E6765745365727665724E616D6528292B223A222B726571756573742E676574536572766572506F727428292B706174682B222F223B0D0A253E0D0A3C21444F43545950452048544D4C3E0D0A3C68746D6C3E0D0A3C686561643E0D0A093C6261736520687265663D223C253D6261736550617468253E22202F3E0D0A093C6D65746120687474702D65717569763D22436F6E74656E742D547970652220636F6E74656E743D22746578742F68746D6C3B20636861727365743D7574662D38223E0D0A093C7469746C653E247B6E616D657D3C2F7469746C653E0D0A093C6D657461206E616D653D2272656E64657265722220636F6E74656E743D227765626B697422202F3E0D0A093C6D65746120687474702D65717569763D22582D55412D436F6D70617469626C652220636F6E74656E743D2249453D656467652C6368726F6D653D3122202F3E0D0A093C6D65746120687474702D65717569763D224163636573732D436F6E74726F6C2D416C6C6F772D4F726967696E2220636F6E74656E743D222A22202F3E0D0A093C6D657461206E616D653D2276696577706F72742220636F6E74656E743D2277696474683D6465766963652D77696474682C20696E697469616C2D7363616C653D312C206D6178696D756D2D7363616C653D3122202F3E0D0A093C6D657461206E616D653D226170706C652D6D6F62696C652D7765622D6170702D7374617475732D6261722D7374796C652220636F6E74656E743D22626C61636B22202F3E0D0A093C6D657461206E616D653D226170706C652D6D6F62696C652D7765622D6170702D63617061626C652220636F6E74656E743D2279657322202F3E0D0A093C6D657461206E616D653D22666F726D61742D646574656374696F6E2220636F6E74656E743D2274656C6570686F6E653D6E6F22202F3E0D0A093C6C696E6B2072656C3D227374796C6573686565742220747970653D22746578742F6373732220687265663D226373732F696E6465782E63737322202F3E0D0A093C73637269707420747970653D22746578742F6A61766173637269707422207372633D226A732F706C7567696E2F6A71756572792F6A71756572792E6D696E2E6A73223E3C2F7363726970743E0D0A093C6C696E6B2072656C3D227374796C6573686565742220687265663D226A732F706C7567696E2F6C617975692F6373732F6C617975692E63737322206D656469613D22616C6C223E0D0A093C73637269707420747970653D22746578742F6A61766173637269707422207372633D226A732F706C7567696E2F6C617975692F6C617975692E6A73223E3C2F7363726970743E0D0A093C73637269707420747970653D22746578742F6A61766173637269707422207372633D226A732F676C6F62616C2E6A73223E3C2F7363726970743E0D0A093C7374796C6520747970653D22746578742F637373223E0D0A09092E4A5F636F6465696D67207B0D0A0909097A2D696E6465783A202D313B0D0A090909706F736974696F6E3A206162736F6C7574653B0D0A09097D0D0A093C2F7374796C653E0D0A093C7363726970743E0D0A090976617220636F6F6B69655F6C6F67696E557365724E616D655F6E616D653D225F6C6F63616C5F6C6F67696E557365724E616D65223B09092F2FE799BBE5BD95E79A84E794A8E688B7E5908D0D0A090976617220636F6F6B69655F6C6F67696E5077645F6E616D653D225F6C6F63616C5F6C6F67696E507764223B09092F2FE799BBE5BD95E79A84E5AF86E7A0810D0A090976617220726566657265723D6465636F6465555249436F6D706F6E656E742867657455726C506172616D2822726566657265722229293B09092F2FE6BA90E993BEE68EA50D0A09090D0A09092428646F63756D656E74292E72656164792866756E6374696F6E2829207B0D0A0909092F2A2A636F6F6B6965E28094E28094E794A8E688B7E5908D2A2A2F0D0A090909736574436F6F6B696556616C7565546F496E70757428636F6F6B69655F6C6F67696E557365724E616D655F6E616D652C22757365724E616D6522293B0D0A09097D293B0D0A09092428646F63756D656E74292E6B6579646F776E2866756E6374696F6E286576656E74297B200D0A0909096966286576656E742E6B6579436F64653D3D3133297B0D0A090909096C6F67696E28293B0D0A0909097D0D0A09097D293B0D0A09090D0A09092F2FE88EB7E58F96636F6F6B69650D0A090966756E6374696F6E20676574436F6F6B696556616C756528636F6F6B69654E616D65297B0D0A090909766172206172722C7265673D6E6577205265674578702822285E7C2029222B636F6F6B69654E616D652B223D285B5E3B5D2A29283B7C242922293B0D0A0909096966286172723D646F63756D656E742E636F6F6B69652E6D617463682872656729297B0D0A0909090972657475726E20756E657363617065286172725B325D293B0D0A0909097D0D0A09097D0D0A09092F2FE58F96636F6F6B6965E8AEBEE7BDAEE588B0E8BE93E585A5E6A1860D0A090966756E6374696F6E20736574436F6F6B696556616C7565546F496E70757428636F6F6B69654E616D652C6964297B0D0A09090976617220745F76616C75653D676574436F6F6B696556616C756528636F6F6B69654E616D65293B0D0A090909696628745F76616C7565213D6E756C6C297B0D0A0909090924282223222B6964292E76616C28745F76616C7565293B090D0A0909097D0D0A09097D0D0A09092F2FE799BBE5BD950D0A090966756E6374696F6E206C6F67696E28297B0D0A09090976617220757365724E616D653D24282223757365724E616D6522292E76616C28293B09092F2FE794A8E688B7E5908D0D0A0909097661722070617373576F72643D2428222370617373576F726422292E76616C28293B09092F2FE5AF86E7A0810D0A09090976617220636170746368613D242822234A5F636F64657465787422292E76616C28293B0909092F2FE9AA8CE8AF81E7A0810D0A090909616A617828226C6F67696E222C7B22757365724E616D65223A757365724E616D652C2270617373576F7264223A70617373576F72642C2263617074636861223A636170746368617D2C66756E6374696F6E28726573756C74297B0D0A090909097661722073736F49643D726573756C745B2273736F4964225D3B0D0A090909092F2F0D0A090909097661722044617973203D2033303B09092F2FE4BF9DE5AD983330E5A4A90D0A0909090976617220657870203D206E6577204461746528293B0D0A090909096578702E73657454696D65286578702E67657454696D652829202B20446179732A32342A36302A36302A31303030293B0D0A090909092F2A2AE8AEB0E4BD8FE794A8E688B7E5908DE28094E28094636F6F6B69652A2A2F0D0A09090909646F63756D656E742E636F6F6B69653D636F6F6B69655F6C6F67696E557365724E616D655F6E616D652B223D222B757365724E616D652B223B657870697265733D22202B206578702E746F474D54537472696E6728293B0D0A090909092F2F0D0A09090909766172206A756D7055726C3B09092F2FE8B7B3E8BDAC55524C0D0A0909090969662873736F4964213D6E756C6C2026262073736F49642E6C656E6774683E30297B0D0A0909090909696628726566657265722E696E6465784F6628223F2229213D2D3129207B0D0A0909090909096A756D7055726C3D726566657265722B222673736F49643D222B73736F49643B0D0A09090909097D656C73657B0D0A0909090909096A756D7055726C3D726566657265722B223F73736F49643D222B73736F49643B0D0A09090909097D0D0A090909097D656C73657B0D0A09090909096A756D7055726C3D726566657265723B0D0A090909097D0D0A090909092F2F0D0A0909090970726F6D70744469616C6F6728747275652C22E799BBE5BD95E68890E58A9F22293B0D0A0909090977696E646F772E73657454696D656F75742866756E6374696F6E28297B0D0A090909090977696E646F772E6C6F636174696F6E2E687265663D6A756D7055726C3B0D0A090909097D2C31303030293B0D0A0909092F2FE5A4B1E8B4A50D0A0909097D2C66756E6374696F6E28726573756C74297B0D0A09090909766172206973597A6D3D726573756C745B226973597A6D225D3B09092F2FE698AFE590A6E5BC80E590AFE9AA8CE8AF81E7A0810D0A09090909766172206D6573736167653D726573756C745B226D657373616765225D3B0D0A090909096966286973597A6D213D6E756C6C202626206973597A6D3D3D74727565297B0D0A090909090976617220745F70616E656C5F797A6D5F6A713D2428222370616E656C5F797A6D22293B0D0A0909090909766172206973486964653D745F70616E656C5F797A6D5F6A712E697328223A68696464656E22293B0D0A09090909092F2FE698AFE590A6E99A90E8978F0D0A0909090909696628697348696465297B0D0A090909090909745F70616E656C5F797A6D5F6A712E73686F7728293B0D0A09090909092F2FE4B98BE5898DE5B0B1E698BEE7A4BA0D0A09090909097D656C73657B0D0A09090909090970726F6D70744469616C6F672866616C73652C6D657373616765293B0D0A09090909097D0D0A0909090909637265617465436F646528293B0D0A090909097D656C73657B0D0A090909090970726F6D70744469616C6F672866616C73652C6D657373616765293B0D0A090909097D0D0A0909097D293B0D0A09097D0D0A09092F2FE6B885E7A9BA0D0A090966756E6374696F6E20656D70747928297B0D0A09090924282223757365724E616D6522292E76616C282222293B0D0A0909092428222370617373576F726422292E76616C282222293B0D0A090909242822234A5F636F64657465787422292E76616C282222293B0D0A09097D0D0A09092F2FE7949FE68890E9AA8CE8AF81E7A0810D0A090966756E6374696F6E20637265617465436F646528297B0D0A09090976617220757365724E616D653D7472696D2824282223757365724E616D6522292E76616C2829293B09092F2FE794A8E688B7E5908D0D0A090909696628757365724E616D65213D6E756C6C20262620757365724E616D652E6C656E6774683E30297B0D0A0909092020200976617220745F6A713D242822236D7943616E76617322293B0D0A0909092020200976617220745F7372633D745F6A712E61747472282274656D705F73726322293B0D0A09090920202009745F6A712E617474722822737263222C745F7372632B223F222B4D6174682E72616E646F6D28292B2226757365724E616D653D222B757365724E616D65293B0D0A0909097D0D0A09097D0D0A093C2F7363726970743E0D0A3C2F686561643E0D0A3C626F64793E0D0A093C64697620636C6173733D226C6F67696E2D626F78222069643D2264656D6F223E0D0A09093C64697620636C6173733D22696E7075742D636F6E74656E74223E0D0A0909093C64697620636C6173733D226C6F67696E5F746974223E0D0A090909093C6469763E0D0A09090909093C6920636C6173733D227469742D6267206C656674223E3C2F693E247B6E616D657D3C6920636C6173733D227469742D6267207269676874223E3C2F693E0D0A09090909093C703E6279266E6273703B2E266E6273703B77696E64EFBC887777772E7463696E2E636EEFBC893C2F703E0D0A090909093C2F6469763E0D0A0909093C2F6469763E0D0A0909093C7020636C6173733D227020757365725F69636F6E223E0D0A090909093C696E70757420747970653D2274657874222069643D22757365724E616D652220706C616365686F6C6465723D22E794A8E688B7E5908D22206175746F636F6D706C6574653D226F66662220636C6173733D226C6F67696E5F747874627822202F3E0D0A0909093C2F703E0D0A0909093C7020636C6173733D2270207077645F69636F6E223E0D0A090909093C696E70757420747970653D2270617373776F7264222069643D2270617373576F72642220706C616365686F6C6465723D22E5AF86E7A08122206175746F636F6D706C6574653D226F66662220636C6173733D226C6F67696E5F747874627822202F3E0D0A0909093C2F703E0D0A0909093C212D2D20E9AA8CE8AF81E7A081202D2D3E0D0A0909093C64697620636C6173733D22702076616C5F69636F6E222069643D2270616E656C5F797A6D22207374796C653D22646973706C61793A206E6F6E65223E0D0A090909093C64697620636C6173733D22636865636B636F6465223E0D0A09090909093C696E70757420747970653D2274657874222069643D224A5F636F6465746578742220706C616365686F6C6465723D22E9AA8CE8AF81E7A08122206175746F636F6D706C6574653D226F666622206D61786C656E6774683D22342220636C6173733D226C6F67696E5F747874627822202F3E0D0A09090909093C696D672074656D705F7372633D22696E6465782F636170746368612220636C6173733D224A5F636F6465696D67222069643D226D7943616E7661732220CEBF6E636C69636B3D22637265617465436F6465282922202F3E0D0A090909093C2F6469763E0D0A090909093C6120687265663D226A6176617363726970743A637265617465436F646528292220636C6173733D227665725F62746E2220206F6E73656C65637473746172743D2272657475726E2066616C7365223EE79C8BE4B88DE6B885EFBC8CE68DA2E4B880E5BCA03C2F613E0D0A0909093C2F6469763E0D0A0909093C64697620636C6173733D227369676E7570223E0D0A090909093C6120636C6173733D2267762220687265663D226A6176617363726970743A766F6964282922206F6E636C69636B3D226C6F67696E2829223EE799BB266E6273703B266E6273703BE5BD953C2F613E200D0A090909093C6120636C6173733D2267762220687265663D226A6176617363726970743A766F6964282922206F6E436C69636B3D22656D7074792829223EE6B885266E6273703B266E6273703BE7A9BA3C2F613E0D0A0909093C2F6469763E0D0A09093C2F6469763E0D0A09093C64697620636C6173733D2263616E7661737A7A223E3C2F6469763E0D0A09093C63616E7661732069643D2263616E766173223E3C2F63616E7661733E0D0A093C2F6469763E0D0A093C7363726970743E0D0A09092F2FE5AE87E5AE99E789B9E695880D0A09092275736520737472696374223B0D0A09097661722063616E766173203D20646F63756D656E742E676574456C656D656E7442794964282763616E76617327292C0D0A09092020637478203D2063616E7661732E676574436F6E746578742827326427292C0D0A0909202077203D2063616E7661732E7769647468203D2077696E646F772E696E6E657257696474682C0D0A0909202068203D2063616E7661732E686569676874203D2077696E646F772E696E6E65724865696768742C0D0A09090D0A09092020687565203D203231372C0D0A090920207374617273203D205B5D2C0D0A09092020636F756E74203D20302C0D0A090920206D61785374617273203D20323530303B2F2FE6989FE6989FE695B0E9878F0D0A09090D0A09097661722063616E76617332203D20646F63756D656E742E637265617465456C656D656E74282763616E76617327292C0D0A0909202063747832203D2063616E766173322E676574436F6E746578742827326427293B0D0A090963616E766173322E7769647468203D203130303B0D0A090963616E766173322E686569676874203D203130303B0D0A09097661722068616C66203D2063616E766173322E7769647468202F20322C0D0A090920206772616469656E7432203D20637478322E63726561746552616469616C4772616469656E742868616C662C2068616C662C20302C2068616C662C2068616C662C2068616C66293B0D0A09096772616469656E74322E616464436F6C6F7253746F7028302E3032352C20272343434327293B0D0A09096772616469656E74322E616464436F6C6F7253746F7028302E312C202768736C2827202B20687565202B20272C203631252C203333252927293B0D0A09096772616469656E74322E616464436F6C6F7253746F7028302E32352C202768736C2827202B20687565202B20272C203634252C2036252927293B0D0A09096772616469656E74322E616464436F6C6F7253746F7028312C20277472616E73706172656E7427293B0D0A09090D0A0909637478322E66696C6C5374796C65203D206772616469656E74323B0D0A0909637478322E626567696E5061746828293B0D0A0909637478322E6172632868616C662C2068616C662C2068616C662C20302C204D6174682E5049202A2032293B0D0A0909637478322E66696C6C28293B0D0A09090D0A09092F2F20456E642063616368650D0A09090D0A090966756E6374696F6E2072616E646F6D286D696E2C206D617829207B0D0A0909202069662028617267756D656E74732E6C656E677468203C203229207B0D0A0909202020206D6178203D206D696E3B0D0A0909202020206D696E203D20303B0D0A090920207D0D0A09090D0A09092020696620286D696E203E206D617829207B0D0A09092020202076617220686F6C64203D206D61783B0D0A0909202020206D6178203D206D696E3B0D0A0909202020206D696E203D20686F6C643B0D0A090920207D0D0A09090D0A0909202072657475726E204D6174682E666C6F6F72284D6174682E72616E646F6D2829202A20286D6178202D206D696E202B20312929202B206D696E3B0D0A09097D0D0A09090D0A090966756E6374696F6E206D61784F7262697428782C207929207B0D0A09092020766172206D6178203D204D6174682E6D617828782C2079292C0D0A0909202020206469616D65746572203D204D6174682E726F756E64284D6174682E73717274286D6178202A206D6178202B206D6178202A206D617829293B0D0A0909202072657475726E206469616D65746572202F20323B0D0A090920202F2FE6989FE6989FE7A7BBE58AA8E88C83E59BB4EFBC8CE580BCE8B68AE5A4A7E88C83E59BB4E8B68AE5B08FEFBC8C0D0A09097D0D0A09090D0A09097661722053746172203D2066756E6374696F6E2829207B0D0A09090D0A09092020746869732E6F72626974526164697573203D2072616E646F6D286D61784F7262697428772C206829293B0D0A09092020746869732E726164697573203D2072616E646F6D2836302C20746869732E6F7262697452616469757329202F2031383B200D0A090920202F2FE6989FE6989FE5A4A7E5B08F0D0A09092020746869732E6F7262697458203D2077202F20323B0D0A09092020746869732E6F7262697459203D2068202F20323B0D0A09092020746869732E74696D65506173736564203D2072616E646F6D28302C206D61785374617273293B0D0A09092020746869732E7370656564203D2072616E646F6D28746869732E6F7262697452616469757329202F203530303030303B200D0A090920202F2FE6989FE6989FE7A7BBE58AA8E9809FE5BAA60D0A09092020746869732E616C706861203D2072616E646F6D28322C20313029202F2031303B0D0A09090D0A09092020636F756E742B2B3B0D0A0909202073746172735B636F756E745D203D20746869733B0D0A09097D0D0A09090D0A0909537461722E70726F746F747970652E64726177203D2066756E6374696F6E2829207B0D0A090920207661722078203D204D6174682E73696E28746869732E74696D6550617373656429202A20746869732E6F72626974526164697573202B20746869732E6F72626974582C0D0A09092020202079203D204D6174682E636F7328746869732E74696D6550617373656429202A20746869732E6F72626974526164697573202B20746869732E6F72626974592C0D0A0909202020207477696E6B6C65203D2072616E646F6D283130293B0D0A09090D0A09092020696620287477696E6B6C65203D3D3D203120262620746869732E616C706861203E203029207B0D0A090920202020746869732E616C706861202D3D20302E30353B0D0A090920207D20656C736520696620287477696E6B6C65203D3D3D203220262620746869732E616C706861203C203129207B0D0A090920202020746869732E616C706861202B3D20302E30353B0D0A090920207D0D0A09090D0A090920206374782E676C6F62616C416C706861203D20746869732E616C7068613B0D0A090920206374782E64726177496D6167652863616E766173322C2078202D20746869732E726164697573202F20322C2079202D20746869732E726164697573202F20322C20746869732E7261646975732C20746869732E726164697573293B0D0A09092020746869732E74696D65506173736564202B3D20746869732E73706565643B0D0A09097D0D0A09090D0A0909666F7220287661722069203D20303B2069203C206D617853746172733B20692B2B29207B0D0A090920206E6577205374617228293B0D0A09097D0D0A09090D0A090966756E6374696F6E20616E696D6174696F6E2829207B0D0A090920206374782E676C6F62616C436F6D706F736974654F7065726174696F6E203D2027736F757263652D6F766572273B0D0A090920206374782E676C6F62616C416C706861203D20302E353B202F2FE5B0BEE5B7B40D0A090920206374782E66696C6C5374796C65203D202768736C612827202B20687565202B20272C203634252C2036252C203229273B0D0A090920206374782E66696C6C5265637428302C20302C20772C2068290D0A09090D0A090920206374782E676C6F62616C436F6D706F736974654F7065726174696F6E203D20276C696768746572273B0D0A09092020666F7220287661722069203D20312C206C203D2073746172732E6C656E6774683B2069203C206C3B20692B2B29207B0D0A09092020202073746172735B695D2E6472617728293B0D0A090920207D3B0D0A09090D0A0909202077696E646F772E72657175657374416E696D6174696F6E4672616D6528616E696D6174696F6E293B0D0A09097D0D0A0909616E696D6174696F6E28293B0D0A093C2F7363726970743E0D0A3C2F626F64793E0D0A3C2F68746D6C3E, 3, b'0', b'1');

-- ----------------------------
-- Table structure for auth_sso
-- ----------------------------
DROP TABLE IF EXISTS `auth_sso`;
CREATE TABLE `auth_sso`  (
  `id` varchar(128) CHARACTER SET utf8mb4 COLLATE utf8mb4_unicode_ci NOT NULL COMMENT '主键',
  `create_time` datetime NOT NULL DEFAULT CURRENT_TIMESTAMP COMMENT '创建时间',
  `expiry` int NOT NULL COMMENT '过期时间（单位：秒）',
  `ip` varchar(128) CHARACTER SET utf8mb4 COLLATE utf8mb4_unicode_ci NOT NULL COMMENT '登录者的IP',
  `user_name` varchar(128) CHARACTER SET utf8mb4 COLLATE utf8mb4_unicode_ci NOT NULL COMMENT '登录的用户名',
  `pass_word` varchar(128) CHARACTER SET utf8mb4 COLLATE utf8mb4_unicode_ci NOT NULL COMMENT '登录的密码',
  PRIMARY KEY (`id`) USING BTREE,
  INDEX `user_name`(`user_name` ASC) USING BTREE
) ENGINE = InnoDB CHARACTER SET = utf8mb4 COLLATE = utf8mb4_unicode_ci COMMENT = '授权_SSO表（已登录的）' ROW_FORMAT = Dynamic;

-- ----------------------------
-- Records of auth_sso
-- ----------------------------

-- ----------------------------
-- Table structure for auth_sso_1
-- ----------------------------
DROP TABLE IF EXISTS `auth_sso_1`;
CREATE TABLE `auth_sso_1`  (
  `id` varchar(128) CHARACTER SET utf8mb4 COLLATE utf8mb4_unicode_ci NOT NULL COMMENT '主键',
  `create_time` datetime NOT NULL DEFAULT CURRENT_TIMESTAMP COMMENT '创建时间',
  `expiry` int NOT NULL COMMENT '过期时间（单位：秒）',
  `ip` varchar(128) CHARACTER SET utf8mb4 COLLATE utf8mb4_unicode_ci NOT NULL COMMENT '登录者的IP',
  `user_name` varchar(128) CHARACTER SET utf8mb4 COLLATE utf8mb4_unicode_ci NOT NULL COMMENT '登录的用户名',
  `pass_word` varchar(128) CHARACTER SET utf8mb4 COLLATE utf8mb4_unicode_ci NOT NULL COMMENT '登录的密码',
  PRIMARY KEY (`id`) USING BTREE,
  INDEX `user_name`(`user_name` ASC) USING BTREE
) ENGINE = InnoDB CHARACTER SET = utf8mb4 COLLATE = utf8mb4_unicode_ci COMMENT = '授权_SSO表（已登录的）' ROW_FORMAT = Dynamic;

-- ----------------------------
-- Records of auth_sso_1
-- ----------------------------

-- ----------------------------
-- Table structure for auth_sso_2
-- ----------------------------
DROP TABLE IF EXISTS `auth_sso_2`;
CREATE TABLE `auth_sso_2`  (
  `id` varchar(128) CHARACTER SET utf8mb4 COLLATE utf8mb4_unicode_ci NOT NULL COMMENT '主键',
  `create_time` datetime NOT NULL DEFAULT CURRENT_TIMESTAMP COMMENT '创建时间',
  `expiry` int NOT NULL COMMENT '过期时间（单位：秒）',
  `ip` varchar(128) CHARACTER SET utf8mb4 COLLATE utf8mb4_unicode_ci NOT NULL COMMENT '登录者的IP',
  `user_name` varchar(128) CHARACTER SET utf8mb4 COLLATE utf8mb4_unicode_ci NOT NULL COMMENT '登录的用户名',
  `pass_word` varchar(128) CHARACTER SET utf8mb4 COLLATE utf8mb4_unicode_ci NOT NULL COMMENT '登录的密码',
  PRIMARY KEY (`id`) USING BTREE,
  INDEX `user_name`(`user_name` ASC) USING BTREE
) ENGINE = InnoDB CHARACTER SET = utf8mb4 COLLATE = utf8mb4_unicode_ci COMMENT = '授权_SSO表（已登录的）' ROW_FORMAT = Dynamic;

-- ----------------------------
-- Records of auth_sso_2
-- ----------------------------

-- ----------------------------
-- Table structure for auth_white
-- ----------------------------
DROP TABLE IF EXISTS `auth_white`;
CREATE TABLE `auth_white`  (
  `id` bigint NOT NULL AUTO_INCREMENT COMMENT '主键',
  `create_time` datetime NOT NULL DEFAULT CURRENT_TIMESTAMP COMMENT '创建时间',
  `auth_id` bigint NOT NULL COMMENT '授权ID',
  `ip` varchar(128) CHARACTER SET utf8mb4 COLLATE utf8mb4_unicode_ci NOT NULL COMMENT '白名单地址',
  PRIMARY KEY (`id`) USING BTREE
) ENGINE = InnoDB AUTO_INCREMENT = 18 CHARACTER SET = utf8mb4 COLLATE = utf8mb4_unicode_ci COMMENT = '授权_白名单表' ROW_FORMAT = Dynamic;

-- ----------------------------
-- Records of auth_white
-- ----------------------------
INSERT INTO `auth_white` VALUES (1, '2021-04-23 19:16:07', 1, '127.0.0.1');
INSERT INTO `auth_white` VALUES (16, '2021-04-26 01:05:16', 2, '127.0.0.1');

-- ----------------------------
-- Table structure for user
-- ----------------------------
DROP TABLE IF EXISTS `user`;
CREATE TABLE `user`  (
  `id` bigint NOT NULL AUTO_INCREMENT COMMENT '主键',
  `create_time` datetime NOT NULL DEFAULT CURRENT_TIMESTAMP COMMENT '创建时间',
  `update_time` timestamp NOT NULL DEFAULT CURRENT_TIMESTAMP ON UPDATE CURRENT_TIMESTAMP COMMENT '更新时间',
  `status` int NOT NULL DEFAULT 1 COMMENT '状态（0=禁用；1=启用）',
  `user_name` varchar(30) CHARACTER SET utf8mb4 COLLATE utf8mb4_unicode_ci NOT NULL COMMENT '用户名',
  `pass_word` varchar(60) CHARACTER SET utf8mb4 COLLATE utf8mb4_unicode_ci NOT NULL COMMENT '密码',
  `name` varchar(30) CHARACTER SET utf8mb4 COLLATE utf8mb4_unicode_ci NOT NULL COMMENT '名称',
  `type` int NOT NULL COMMENT '用户类型（0=超级管理员；1=管理员；2=普通用户）',
  `is_allow_delete` bit(1) NOT NULL DEFAULT b'1' COMMENT '是否允许删除',
  PRIMARY KEY (`id`) USING BTREE,
  UNIQUE INDEX `user_name`(`user_name` ASC) USING BTREE
) ENGINE = InnoDB AUTO_INCREMENT = 2 CHARACTER SET = utf8mb4 COLLATE = utf8mb4_unicode_ci COMMENT = '用户表' ROW_FORMAT = Dynamic;

-- ----------------------------
-- Records of user
-- ----------------------------
INSERT INTO `user` VALUES (1, '2021-03-18 11:29:38', '2021-04-13 14:46:02', 1, 'admin', '25f9e794323b453885f5181f1b624d0b', '超级管理员', 0, b'0');

-- ----------------------------
-- Procedure structure for deleteSSO
-- ----------------------------
DROP PROCEDURE IF EXISTS `deleteSSO`;
delimiter ;;
CREATE PROCEDURE `deleteSSO`()
BEGIN
	-- 定义需要接收游标数据的变量
	DECLARE authId BIGINT(20);
	DECLARE id BIGINT(20);
	-- 结束标志	
	DECLARE isLoop BOOLEAN DEFAULT 0;	
	-- 定义（一定要使用别名）
	DECLARE cursor_authId CURSOR for SELECT t.id FROM auth t;
	DECLARE CONTINUE HANDLER for not found set isLoop=1;	-- 将结束标志绑定的游标上

	-- 打开游标
	open cursor_authId;
		-- 开始循环
		read_loop:LOOP
			-- 提取游标中的数据
			FETCH cursor_authId INTO authId;
			-- 声明何时结束循环
			IF isLoop THEN
				LEAVE read_loop;
			END IF;

			-- 循环时的事件
			set @temp_sql = concat( 
			'delete from auth_sso_', authId, 
			" where TIMESTAMPDIFF(SECOND,create_time,now())>expiry;"); 

			PREPARE temp_sql FROM @temp_sql;    
			EXECUTE temp_sql;  
			

		END LOOP;
	CLOSE cursor_authId;

END
;;
delimiter ;

-- ----------------------------
-- Event structure for deleteSSO
-- ----------------------------
DROP EVENT IF EXISTS `deleteSSO`;
delimiter ;;
CREATE EVENT `deleteSSO`
ON SCHEDULE
EVERY '1' DAY STARTS '2021-05-14 00:00:00'
DO call deleteSSO()
;;
delimiter ;

SET FOREIGN_KEY_CHECKS = 1;
